{"allLineData":[[[-0.4604166666666667,0.680140597539543,0.37083333333333335,0.6274165202108963,0.4833333333333334,0.34622144112478037,-0.6416666666666666,0.34622144112478037],{"r":0.7215686274509804,"g":0.3137254901960784,"b":0.23921568627450981}],[[0.1708333333333334,0.08963093145869949,0.2333333333333334,0.18804920913884005],{"r":0.011764705882352941,"g":0.011764705882352941,"b":0.011764705882352941}],[[-0.027083333333333348,0.1036906854130053,-0.15833333333333333,0.1036906854130053,-0.15833333333333333,-0.25131810193321624,-0.027083333333333348,-0.25131810193321624],{"r":0.7254901960784313,"g":0.4980392156862745,"b":0.3137254901960784}],[[-0.40208333333333335,-0.8734622144112478,0.23750000000000004,-0.866432337434095],{"r":0.2980392156862745,"g":0.7411764705882353,"b":0.38823529411764707}],[[0,-0.33216168717047445,0.2270833333333333,-0.8523725834797891],{"r":0.2980392156862745,"g":0.7411764705882353,"b":0.38823529411764707}],[[-0.1958333333333333,-0.34622144112478037,-0.3979166666666667,-0.8523725834797891],{"r":0.2980392156862745,"g":0.7411764705882353,"b":0.38823529411764707}],[[-0.3583333333333333,-0.7469244288224957,0.1812499999999999,-0.7609841827768014],{"r":0.2980392156862745,"g":0.7411764705882353,"b":0.38823529411764707}],[[-0.3125,-0.6309314586994728,0.12083333333333335,-0.6239015817223199],{"r":0.2980392156862745,"g":0.7411764705882353,"b":0.38823529411764707}],[[-0.2645833333333333,-0.5254833040421794,0.0625,-0.5008787346221442],{"r":0.2980392156862745,"g":0.7411764705882353,"b":0.38823529411764707}],[[-0.23124999999999996,-0.42355008787346216,0.03333333333333344,-0.4165202108963093],{"r":0.2980392156862745,"g":0.7411764705882353,"b":0.38823529411764707}],[[0.014583333333333393,0.8066783831282953,0.012499999999999956,0.8066783831282953,0.012499999999999956,0.789103690685413,0.014583333333333393,0.789103690685413],{"r":0,"g":0.8509803921568627,"b":1}],[[-0.15000000000000002,0.6063268892794376,0.018750000000000044,0.6063268892794376,0.018750000000000044,0.7996485061511424,-0.15000000000000002,0.7996485061511424],{"r":0,"g":0.8509803921568627,"b":1}],[[0.8875,-0.922671353251318,-0.8645833333333334,-0.9437609841827768],{"r":0.17254901960784313,"g":0.5647058823529412,"b":0.25098039215686274}],[[0.3916666666666666,-0.3673110720562389,0.5166666666666666,-0.820738137082601],{"r":0.17254901960784313,"g":0.5647058823529412,"b":0.25098039215686274}],[[0.4750000000000001,-0.3673110720562389,0.5666666666666667,-0.7152899824253076],{"r":0.17254901960784313,"g":0.5647058823529412,"b":0.25098039215686274}],[[0.5666666666666667,-0.7117750439367312,0.5895833333333333,-0.8172231985940246],{"r":0.17254901960784313,"g":0.5647058823529412,"b":0.25098039215686274}],[[0.5895833333333333,-0.34622144112478037,0.7,-0.8101933216168717],{"r":0.17254901960784313,"g":0.5647058823529412,"b":0.25098039215686274}],[[0.6833333333333333,-0.36028119507908607,0.7833333333333334,-0.7785588752196837],{"r":0.17254901960784313,"g":0.5647058823529412,"b":0.25098039215686274}],[[0.375,-0.4938488576449913,0.7979166666666666,-0.4376098418277681],{"r":0.17254901960784313,"g":0.5647058823529412,"b":0.25098039215686274}],[[0.4125000000000001,-0.641476274165202,0.7791666666666666,-0.5536028119507908],{"r":0.17254901960784313,"g":0.5647058823529412,"b":0.25098039215686274}],[[0.4375,-0.718804920913884,0.8083333333333333,-0.6906854130052724],{"r":0.17254901960784313,"g":0.5647058823529412,"b":0.25098039215686274}],[[0.47291666666666665,-0.5676625659050967,0.44999999999999996,-0.5043936731107206],{"r":0.17254901960784313,"g":0.5647058823529412,"b":0.25098039215686274}],[[0.4770833333333333,-0.5149384885764499,0.4770833333333333,-0.5465729349736379],{"r":0.17254901960784313,"g":0.5647058823529412,"b":0.25098039215686274}],[[0.4937499999999999,-0.5184534270650263,0.4750000000000001,-0.5606326889279438],{"r":0.17254901960784313,"g":0.5647058823529412,"b":0.25098039215686274}],[[0.5375000000000001,-0.507908611599297,0.5729166666666667,-0.5571177504393674],{"r":0.17254901960784313,"g":0.5647058823529412,"b":0.25098039215686274}],[[0.5729166666666667,-0.4797891036906854,0.5729166666666667,-0.5430579964850615],{"r":0.17254901960784313,"g":0.5647058823529412,"b":0.25098039215686274}],[[0.6041666666666667,-0.48681898066783824,0.5708333333333333,-0.5536028119507908],{"r":0.17254901960784313,"g":0.5647058823529412,"b":0.25098039215686274}],[[0.6499999999999999,-0.48681898066783824,0.6833333333333333,-0.5360281195079086],{"r":0.17254901960784313,"g":0.5647058823529412,"b":0.25098039215686274}],[[0.6791666666666667,-0.4692442882249561,0.6791666666666667,-0.5360281195079086],{"r":0.17254901960784313,"g":0.5647058823529412,"b":0.25098039215686274}],[[0.7,-0.4833040421792618,0.6812499999999999,-0.5430579964850615],{"r":0.17254901960784313,"g":0.5647058823529412,"b":0.25098039215686274}],[[0.675,-0.6203866432337435,0.7,-0.6520210896309315],{"r":0.17254901960784313,"g":0.5647058823529412,"b":0.25098039215686274}],[[0.7020833333333334,-0.5922671353251319,0.7041666666666666,-0.655536028119508],{"r":0.17254901960784313,"g":0.5647058823529412,"b":0.25098039215686274}],[[0.7208333333333334,-0.5887521968365554,0.7124999999999999,-0.6520210896309315],{"r":0.17254901960784313,"g":0.5647058823529412,"b":0.25098039215686274}],[[0.6041666666666667,-0.6133567662565904,0.6083333333333334,-0.6836555360281196],{"r":0.17254901960784313,"g":0.5647058823529412,"b":0.25098039215686274}],[[0.6354166666666667,-0.6028119507908611,0.6125,-0.687170474516696],{"r":0.17254901960784313,"g":0.5647058823529412,"b":0.25098039215686274}],[[0.5791666666666666,-0.6274165202108963,0.6125,-0.6801405975395431],{"r":0.17254901960784313,"g":0.5647058823529412,"b":0.25098039215686274}],[[0.6041666666666667,-0.7258347978910369,0.6354166666666667,-0.789103690685413],{"r":0.17254901960784313,"g":0.5647058823529412,"b":0.25098039215686274}],[[0.6291666666666667,-0.7223198594024605,0.6312500000000001,-0.789103690685413],{"r":0.17254901960784313,"g":0.5647058823529412,"b":0.25098039215686274}],[[0.6541666666666666,-0.7258347978910369,0.6333333333333333,-0.7926186291739894],{"r":0.17254901960784313,"g":0.5647058823529412,"b":0.25098039215686274}],[[0.7083333333333333,-0.7398945518453428,0.7458333333333333,-0.8031634446397189],{"r":0.17254901960784313,"g":0.5647058823529412,"b":0.25098039215686274}],[[0.7333333333333334,-0.718804920913884,0.7437499999999999,-0.8172231985940246],{"r":0.17254901960784313,"g":0.5647058823529412,"b":0.25098039215686274}],[[0.75,-0.7223198594024605,0.7375,-0.8172231985940246],{"r":0.17254901960784313,"g":0.5647058823529412,"b":0.25098039215686274}],[[0.4916666666666667,-0.6520210896309315,0.5208333333333333,-0.7047451669595781],{"r":0.17254901960784313,"g":0.5647058823529412,"b":0.25098039215686274}],[[0.5041666666666667,-0.6485061511423551,0.5145833333333334,-0.7047451669595781],{"r":0.17254901960784313,"g":0.5647058823529412,"b":0.25098039215686274}],[[0.5333333333333334,-0.6344463971880492,0.5166666666666666,-0.7012302284710017],{"r":0.17254901960784313,"g":0.5647058823529412,"b":0.25098039215686274}],[[0.5062500000000001,-0.7539543057996485,0.5375000000000001,-0.7961335676625658],{"r":0.17254901960784313,"g":0.5647058823529412,"b":0.25098039215686274}],[[0.53125,-0.7398945518453428,0.5375000000000001,-0.7961335676625658],{"r":0.17254901960784313,"g":0.5647058823529412,"b":0.25098039215686274}],[[0.5541666666666667,-0.7539543057996485,0.5416666666666667,-0.7820738137082601],{"r":0.17254901960784313,"g":0.5647058823529412,"b":0.25098039215686274}],[[0.43958333333333344,-0.4446397188049209,0.4541666666666666,-0.4657293497363797],{"r":0.17254901960784313,"g":0.5647058823529412,"b":0.25098039215686274}],[[0.4458333333333333,-0.3884007029876977,0.44999999999999996,-0.47275922671353254],{"r":0.17254901960784313,"g":0.5647058823529412,"b":0.25098039215686274}],[[0.47083333333333344,-0.3884007029876977,0.4541666666666666,-0.4657293497363797],{"r":0.17254901960784313,"g":0.5647058823529412,